User Name,Reviews,Date
Catherine ROCHE,"de tr√®s bons produits et parfois certains nettement moins bien en qualit√©. Mais compte tenu des prix cela me semble normal. Temps de livraison respect√©. Des emballages tr√®s r√©sistants. Par contre je n'arrive pas √† comprendre les syst√®mes de promotion tels que les remboursements, ou les pourcentages de r√©duction. ce n'est pas simple, pas assez visuel et pas intuitif sur le site. Globalement satisfaite apr√®s 3 livraisons de produits.",18 mai 2024
inco gnito,"n'√©coutez pas les critiques infond√©es. tout ce qu'on peut r√©procher √† cette appli peut aussi √™tre reproch√© aux autres concurrents. tout ce que je sais c'est que temu augmente VRAIMENT mon pouvoir d'achat. et j'y trouve ce que je ne trouve pas ailleurs. les notifications sont certes envahissantes mais on peut les param√©trer. bref, excellent. appli indispensable en ces temps d'inflation",19 mai 2024
Martin Vanhee,"Beaucoup d'offres donc les prix sont tr√®s comp√©titifs et je n'ai jamais eu de souci avec la livraison. La livraison est relativement rapide, toujours sous 11 jours. C'est un de leurs principaux crit√®res et qui est respect√© car je n'ai jamais eu de retard sur 75 commandes et aucun produit endommag√© ou d√©fectueux. Pour l'instant, pour moi, la qualit√© est √† la hauteur du prix, donc je le recommande. Voil√† üôÇüòâ",18 mai 2024
Jordan Augay,"Livraison rapide et produits de bonnes factures dans l'ensemble. En qualit√© de cr√©atif, cela me permet comme jamais de pouvoir m'√©quiper √† moindre frais. Au vu du coup de la vie actuelle, Temu repr√©sente un r√©el avantage pour mon pouvoir d'achat. C√¥t√© interface, l'exp√©rience utilisateur est simple et incroyablement bien ficel√©e. Tout semble pens√© et automatis√© pour r√©pondre aux exigences du consommateur. Vous pouvez y aller les yeux ferm√©s !",26 avril 2024
Nico Kazu,"Danger ! Scandaleux de voir qu'ils ne pr√©cisent pas tout ce que comprends leur offres d√®s le d√©but, quand tu fais une offre fais la vraiment, la cache pas sous des dizaines de conditions d'achats suppl√©mentaires surtout pour des objets de qualit√© tr√®s basse,et √ßa c'est sans parler de la r√©cup√©ration de toutes nos donn√©es (voix,image et plusieurs autres) pour 100‚Ç¨ de r√©ductions sur d'autres objets qui ne vaudront jamais une vie qu'il compte relancer plus tard selon leur annonce !!!",29 avril 2024
Anick Lacombe,"Positif : prix incroyablement bas, qualit√© excellente. Certains produits identiques au concurrent Am... √† moiti√© prix, voire moins. Livraison soign√©e (gratuite √† partir de 10 euros d'achat) et assez rapide. Jamais aucun probl√®me et 5‚Ç¨ rembours√©s en cas de retard. Retours tr√®s faciles. N√©gatif : beaucoup de plastique et incitation aux achats compulsifs.",24 avril 2024
Thomas V√©niard,"M√™me aux prix ridiculement faible des articles propos√©s, vous n'en aurez pas pour votre argent. M√™me ce que vous pouvez trouver de cheap en magasin discount est d'une qualit√© incroyable, par rapport √† ce que vous propose ce site. On rentre dans le cheap ""chinois"", un nouvel univers. La plupart des articles vendus sont de tellement mauvaise qualit√© qu'ils sont inutilisables.",14 mai 2024
Emmanuel DUBOIS,Attention aux dimensions des articles qu'il faut bien v√©rifier avant de commander un article minuscule. Politique publicitaire tr√®s et trop agressive avec des notifications et des envois de mails publicitaires incessants et plusieurs fois par jour. Les tarifs sont attractifs (pour l'instant) mais j'en suis au point de penser bloquer les mails et d√©sinstaller l'application pour retrouver un semblant de paix quotidienne.,7 avril 2024
Laurie LAD,"IMPOSER 15‚Ç¨ d'achats minimum, c'est BEAUCOUP TROP !!! üò°üëéüò° Articles tr√®s vari√©s, prix int√©ressants. IL N'EST PAS NORMAL DE NE PAS OBTENIR UN AJUSTEMENT DE PRIX SUR SON COMPTE BANCAIRE MAIS EN SOLDE TEMU!üò° Mais tr√®s mauvaise gestion service clients!! Quand les articles sont ab√Æm√©s et qu'on le montre en photos, il faut renvoyer pour √™tre rembours√©, Aucune logique l√† dedans vu que √ßa va √† la poubelle!!üòí Wish est bien plus compr√©hensif et rembourse SANS retour!!üò≥",1 mai 2024
Jean-Bernard Mylord,"L'envoi ne correspond pas √† l'achat. Exemple : achat d'une bo√Æte de lames √† raser et r√©ception d'une seule lame. De plus l'emballage g√©n√©ral qui est un simple plastique fait que tout ce qui n'est pas solide est d√©form√©. Les dur√©es d'envoi sont trop importantes. En cas de probl√®mes, il n'y a pas la possibilit√© d'appeler t√©l√©phoniquement le service apr√®s vente.",15 avril 2024
Christine Toussaint,"Je ne comprends pas, on me donne un coupon de 200$, puis je choisi mes articles pour pouvoir payer ensuite le total de mes articles √©taient inf√©rieur √† 200$ ( 198.75 $ ). Maintenant que j'ai fini de choisir mes articles et de savoir les prix, je d√©cide d'utiliser mon coupon de 200$, mais quand j'essaie √ßa marche pas ils me demandent ma carte mastercard mais je n'ai pas besoin de payer donc pourquoi ils veulent ma carte, d'apr√®s moi le coupon marche pas et ils allaient me mettre dans le pi√®ge üò°",20 mai 2024
Lauriane Lecarpentier,"Comment cette appli peut encore √™tre not√©e 4,7‚≠ê au vu de tous les probl√®mes que celle-ci engendre ? Esclavagisme moderne, produits de qualit√© m√©diocre (et parfois m√™me non-conformes aux lois europ√©ennes, puisque venant de Chine), marketing douteux visant √† rendre les utilisateurs accros et √† d√©penser leur argent sans compter... Sans parler de l'impact environnemental d√©sastreux que tout cela engendre. Pr√©f√©rez des plateformes comme Vinted ou Leboncoin !",20 mai 2024
Yve Ergon,"Quand vous faites la publicit√© sur youtube, et quand je clique sur le produit, il me demande d'ouvrir l'application, j'appuie sur ouvrir et commander depuis l'application, Mais, quand l'application s'ouvre, je perds compl√®tement l'objet qui m'int√©resse. Impossible de retrouver le produit de la publicit√© sur l'application.",17 mai 2024
Ghislaine Dussel,"Evidemment des mauvaises critiques de certains , mais en ce qui me concerne , depuis 1 an que j'ach√®te sur Temu , il n'y a jamais eu de fraude ou vol de leur part ! Site tr√®s s√©rieux , qui rembourse si on est pas satisfait , sur toutes les commandes que j'ai faites , j'ai d√ª renvoyer( sans frais ) 4ou5 articles toujours rembours√©s! Jamais de probl√®me , √©norm√©ment de choix et surtout de l'ing√©niosit√© sur certains articles que je ne trouve pas chez moi . Donc , bonne continuation a TEMU pour tout",1 mai 2024
Annick Bouillon,"Cela fait plusieurs fois que je passe une commande et je n'ai jamais eu de probl√®mes ni avec les livraisons ni la marchandise. Je n'ai pas encore d√ª effectuer de retour. Tout √©tait conforme tant en taille qu'en qualit√© en regardant bien s√ªr le rapport qualit√© prix. üòä Essayez, il faut savoir prendre son temps, et acheter les produits au moment o√π ils sont les plus bas. üëç‚ù§Ô∏è",9 mai 2024
Violaine Guiliana,"r√©ception des colis plut√¥t rapide. ne font pas d'histoire en cas de demande de remboursement (en moins de 2mn). bonne description des articles. mais impossible d'envoyer une photo quand on laisse un avis, c'est dommage pour les futurs acheteurs",11 mai 2024
Temp√™te Flash,"Ce n' ai vraiment pas cher, mais nous pouvons recevoir parfois des objets de mauvaise qualit√©. De plus, la livraison est tr√®s lente, si vous avez envie de quelque chose rapidement, abandonn√©. Mais il y a beaucoup de choix, √† des prix plus qu'abordable. Je recommande quand m√™me.",13 mai 2024
angst benoit,"vraiment au top pour les petits budgets, les curiosit√© qu'on y trouve et qualit√© vraiment pas mal mais il faut bien choisir ses produits et bien faire le tri de plus la livraison est tr√®s rapide quant on sait que √ßa viens de chine et les frais de port son g√©n√©ralement gratuit pour 10‚Ç¨ d'achat TEMU vous √™tes au top!!!!",19 mai 2024
Herve Loubere,Fid√®le client d Aliexpress j ai √©t√© √©norm√©ment d√©√ßu depuis qu ils utilisent les services particuli√®rement d√©faillant de CAINIAO France. J ai donc utilis√© l interface de TEMU et j ai √©t√© tr√®s agr√©ablement surpris par le niveau de qualit√© propos√© au niveau des produits ainsi que sur la qualit√© des services de livraison. Bravo TEMU vous √™tes g√©nial üôÇ,3 mai 2024
Cathia Liz√©,"Bon produit. La qualit√© est quand m√™me bonne pour des prix tr√®s bas. Il faut quand m√™me bien lire les commentaires que les gens ont laiss√©s. Et la note. Il y a eu quelques rat√©s avec des produits endommag√©s. Cependant Temu a propos√© un remboursement sans renvoi. C'est tr√®s convenable. Pensons quand m√™me √† la plan√®te et √©vitons d'acheter si on en a pas besoin ou si on peut trouver en magasin. Concernant l'harc√©lement abusif de Temu avec les emails de relance, de jeux, de remboursement.C'est TROP!",16 mai 2024
